user_id,prob_churn
U1439,0.9782011521954386
U1652,0.8711070171873586
U1589,0.7894256594590351
U1237,0.7754688313423145
U1527,0.6924948707261538
