user_id,prob_churn
U1082,0.9848524
U1335,0.97873324
U1242,0.97620106
U1006,0.97363335
U2752,0.9728156
